guide_id	sequence	target_gene
ORF1b_nsp12-16__RdRp_15271	TTATGGGTTGGGATTATCCT	ORF1b (nsp12-16, RdRp)
ORF1b_nsp12-16__RdRp_15876	CATACAATGCTAGTTAAACA	ORF1b (nsp12-16, RdRp)
ORF1b_nsp12-16__RdRp_16813	GAGAGTACACCTTTGAAAAA	ORF1b (nsp12-16, RdRp)
ORF1b_nsp12-16__RdRp_17078	TGGTACTGGTAAGAGTCATT	ORF1b (nsp12-16, RdRp)
ORF1b_nsp12-16__RdRp_17431	CTGCTCAATTACCTGCACCA	ORF1b (nsp12-16, RdRp)
ORF1b_nsp12-16__RdRp_19218	ATTGTTTGTAGATTTGACAC	ORF1b (nsp12-16, RdRp)
ORF1a_nsp1-11_3614	TTGTCGGCCCAAATGTTAAC	ORF1a (nsp1-11)
ORF1a_nsp1-11_13454	TAAACGGGTTTGCGGTGTAA	ORF1a (nsp1-11)
ORF1b_nsp12-16__RdRp_14742	AAACACTTCTTCTTTGCTCA	ORF1b (nsp12-16, RdRp)
ORF1b_nsp12-16__RdRp_15040	CTACTATAACTCAAATGAAT	ORF1b (nsp12-16, RdRp)
ORF1b_nsp12-16__RdRp_16176	TGGGAACCTGAGTTTTATGA	ORF1b (nsp12-16, RdRp)
ORF1b_nsp12-16__RdRp_17592	GTTTATGATAATAAGCTTAA	ORF1b (nsp12-16, RdRp)
ORF1b_nsp12-16__RdRp_17761	TTTCACCTTATAATTCACAG	ORF1b (nsp12-16, RdRp)
intergenic_26220	CTTATGTACTCATTCGTTTC	intergenic
E_Envelope_26319	ATCCTTACTGCGCTTCGATT	E (Envelope)
S_Spike_25353	TTACACATAAACGAACTTAT	S (Spike)
N_Nucleocapsid_29516	ACACAAGGCAGATGGGCTAT	N (Nucleocapsid)
ORF1a_nsp1-11_1127	TTGAAAAGAAAAAGCTTGAT	ORF1a (nsp1-11)
ORF1a_nsp1-11_5744	ACACTGGTAATTACCAGTGT	ORF1a (nsp1-11)
ORF1a_nsp1-11_9897	TAATAAGTACAAGTATTTTA	ORF1a (nsp1-11)
ORF1a_nsp1-11_10456	ACTATTAAGGGTTCATTCCT	ORF1a (nsp1-11)
ORF1a_nsp1-11_10531	TGTTACATGCACCATATGGA	ORF1a (nsp1-11)
ORF1a_nsp1-11_12015	CATGCAGGGTGCTGTAGACA	ORF1a (nsp1-11)
ORF1a_nsp1-11_12208	AATGTGGCTAAATCTGAATT	ORF1a (nsp1-11)
ORF1a_nsp1-11_12244	ATGCAACGTAAGTTGGAAAA	ORF1a (nsp1-11)
ORF1a_nsp1-11_12829	AAATGGGCTAGATTCCCTAA	ORF1a (nsp1-11)
ORF1a_nsp1-11_12888	ACCTTGTAGGTTTGTTACAG	ORF1a (nsp1-11)
ORF1a_nsp1-11_13142	AGATGTTGTGTACACACACT	ORF1a (nsp1-11)
ORF1b_nsp12-16__RdRp_13782	CGTCTTACTAAATACACAAT	ORF1b (nsp12-16, RdRp)
ORF1b_nsp12-16__RdRp_14280	GACCGTTATTTTAAATATTG	ORF1b (nsp12-16, RdRp)
ORF1b_nsp12-16__RdRp_14641	ATGTTGCTTTTCAAACTGTC	ORF1b (nsp12-16, RdRp)
ORF1b_nsp12-16__RdRp_14688	TATGACTTTGCTGTGTCTAA	ORF1b (nsp12-16, RdRp)
ORF1b_nsp12-16__RdRp_15614	TGAGTGTCTCTATAGAAATA	ORF1b (nsp12-16, RdRp)
ORF1b_nsp12-16__RdRp_15791	TTATCAAAACAATGTTTTTA	ORF1b (nsp12-16, RdRp)
ORF1b_nsp12-16__RdRp_15832	CTGAGACTGACCTTACTAAA	ORF1b (nsp12-16, RdRp)
ORF1b_nsp12-16__RdRp_17007	GAGTTTTCTAGCAATGTTGC	ORF1b (nsp12-16, RdRp)
ORF1b_nsp12-16__RdRp_17561	TGCTGAAATTGTTGACACTG	ORF1b (nsp12-16, RdRp)
ORF1b_nsp12-16__RdRp_19617	GAAAATGTGGCTTTTAATGT	ORF1b (nsp12-16, RdRp)
5'UTR_241	GTCCGGGTGTGACCGAAAGG	5'UTR
ORF1a_nsp1-11_4526	GATTTTACTTTTACACCAGT	ORF1a (nsp1-11)
ORF1a_nsp1-11_7870	TTGCCTATTAATGTTATAGT	ORF1a (nsp1-11)
ORF1a_nsp1-11_8909	TGCATTTCTTACCTAGAGTT	ORF1a (nsp1-11)
ORF1a_nsp1-11_9727	TGGTTCTTTAGTAATTACCT	ORF1a (nsp1-11)
ORF1a_nsp1-11_9949	GCTGCTTGTTGTCATCTCGC	ORF1a (nsp1-11)
ORF1a_nsp1-11_12958	AACAACCTAAATAGAGGTAT	ORF1a (nsp1-11)
ORF1a_nsp1-11_13355	ACACAGTCTGTACCGTCTGC	ORF1a (nsp1-11)
ORF1b_nsp12-16__RdRp_13683	ACAATTTATAATTTACTTAA	ORF1b (nsp12-16, RdRp)
ORF1b_nsp12-16__RdRp_14487	GTTGTACATAATCAGGATGT	ORF1b (nsp12-16, RdRp)
ORF1b_nsp12-16__RdRp_14715	TTTAAGGAAGGAAGTTCTGT	ORF1b (nsp12-16, RdRp)
ORF1b_nsp12-16__RdRp_14813	AACAATGTGTGATATCAGAC	ORF1b (nsp12-16, RdRp)
ORF1b_nsp12-16__RdRp_14872	ATTGTTACGATGGTGGCTGT	ORF1b (nsp12-16, RdRp)
ORF1b_nsp12-16__RdRp_15387	TATAGATTAGCTAATGAGTG	ORF1b (nsp12-16, RdRp)
ORF1b_nsp12-16__RdRp_15445	CACTATATGTTAAACCAGGT	ORF1b (nsp12-16, RdRp)
ORF1b_nsp12-16__RdRp_15920	TTACCCAGATCCATCAAGAA	ORF1b (nsp12-16, RdRp)
ORF1b_nsp12-16__RdRp_17245	TAGAGTGTTTTGATAAATTC	ORF1b (nsp12-16, RdRp)
ORF1b_nsp12-16__RdRp_18089	TACACAGGCACCTACACACC	ORF1b (nsp12-16, RdRp)
ORF1b_nsp12-16__RdRp_18190	TCATCTCTATGATGGGTTTT	ORF1b (nsp12-16, RdRp)
ORF1b_nsp12-16__RdRp_19821	ATACTCAATAATTTGGGTGT	ORF1b (nsp12-16, RdRp)
ORF1b_nsp12-16__RdRp_20590	TTTCATTTATGCTTTGGTGT	ORF1b (nsp12-16, RdRp)
ORF1b_nsp12-16__RdRp_21110	TGGGTTTATACAACAAAAGC	ORF1b (nsp12-16, RdRp)
ORF1b_nsp12-16__RdRp_21147	GTGGCTATAAAGATAACAGA	ORF1b (nsp12-16, RdRp)
E_Envelope_26274	CTTCTTTTTCTTGCTTTCGT	E (Envelope)
E_Envelope_26429	AGTTCCTGATCTTCTGGTCT	E (Envelope)
M_Membrane_26565	TAGTAATAGGTTTCCTATTC	M (Membrane)
S_Spike_23340	AGGAACAAATACTTCTAACC	S (Spike)
N_Nucleocapsid_28370	AAGGTTTACCCAATAATACT	N (Nucleocapsid)
N_Nucleocapsid_28482	AGATGACCAAATTGGCTACT	N (Nucleocapsid)
N_Nucleocapsid_28726	CCTCAAGGAACAACATTGCC	N (Nucleocapsid)
N_Nucleocapsid_28949	GTAAAGGCCAACAACAACAA	N (Nucleocapsid)
N_Nucleocapsid_29117	TCAGACAAGGAACTGATTAC	N (Nucleocapsid)
N_Nucleocapsid_29203	GGCATGGAAGTCACACCTTC	N (Nucleocapsid)
N_Nucleocapsid_29254	AAATTGGATGACAAAGATCC	N (Nucleocapsid)
N_Nucleocapsid_29332	CCACCAACAGAGCCTAAAAA	N (Nucleocapsid)
ORF1a_nsp1-11_6419	TGGAAAATCCTACCATACAG	ORF1a (nsp1-11)
ORF1b_nsp12-16__RdRp_19287	TATGTAAATAAACATGCATT	ORF1b (nsp12-16, RdRp)
ORF3a_25784	ATTACTTTATGATGCCAACT	ORF3a
intergenic_26513	AACGGTACTATTACCGTTGA	intergenic
ORF10_29633	ATCTCACATAGCAATCTTTA	ORF10
ORF10_29661	GTAACATTAGGGAGGACTTG	ORF10
3'UTR_29717	CTAGGGAGAGCTGCCTATAT	3'UTR
M_Membrane_26995	TAAAGAAATCACTGTTGCTA	M (Membrane)
M_Membrane_27023	ACGCTTTCTTATTACAAATT	M (Membrane)
S_Spike_23931	TGGTGGTTTTAATTTTTCAC	S (Spike)
S_Spike_24797	AAGCACACTTTCCTCGTGAA	S (Spike)
5'UTR_167	TAACTCGTCTATCTTCTGCA	5'UTR
ORF8_28251	AATGTCTGATAATGGACCCC	ORF8
5'UTR_44	GATCTCTTGTAGATCTGTTC	5'UTR
5'UTR_203	GTCCGTGTTGCAGCCGATCA	5'UTR
ORF7b_27863	TAAACGAACATGAAATTTCT	ORF7b
